Workbook

Sheet data
A1: Date | B1: NIFTY50 | C1: SPUS500 | D1: GOLDETF
A2: 40182 | B2: 6495.62 | C2: 86388.87 | D2: 16.5834
A3: 40183 | B3: 6552.37 | C3: 86396.88 | D3: 16.6525
A4: 40184 | B4: 6557.19 | C4: 85712.66 | D4: 16.6199
A5: 40185 | B5: 6533.98 | C5: 85966.47 | D5: 16.6138
A6: 40186 | B6: 6511.18 | C6: 85893.54 | D6: 16.4581
A7: 40189 | B7: 6517.09 | C7: 85759.57 | D7: 16.8199
A8: 40190 | B8: 6468.64 | C8: 85423.39 | D8: 16.7588
A9: 40191 | B9: 6497.91 | C9: 85897.38 | D9: 16.572
A10: 40192 | B10: 6530.11 | C10: 86258.95 | D10: 16.5681
A11: 40193 | B11: 6520.55 | C11: 85797.14 | D11: 16.5567
A12: 40196 | B12: 6548.66 | C12: 86945.64 | D12: 16.6058
A13: 40197 | B13: 6487.84 | C13: 86945.64 | D13: 16.5658
... A4134: 46262 | B4134: 36723.65 | C4134: 1653360.1 | D4134: 130.5844

Sheet portfolio
A1: Date | B1: NIFTY50 | C1: SPUS500 | D1: GOLDETF | E1: Portfolio | F1: Returns
A2: 40182 | B2: =$I$2/3 -> 33333.333 | C2: =$I$2/3 -> 33333.333 | D2: =$I$2/3 -> 33333.333 | E2: =SUM(B2:D2) -> 100000 | H2: Initial value | I2: 100000
A3: 40183 | B3: =B2*(data!B3/data!B2) -> 33624.555 | C3: =C2*(data!C3/data!C2) -> 33336.424 | D3: =D2*(data!D3/data!D2) -> 33472.227 | E3: =SUM(B3:D3) -> 100433.21 | F3: =E3/E2-1 -> 0.0043320647 | H3: Final value | I3: =E4134 -> 1088886.1
A4: 40184 | B4: =B3*(data!B4/data!B3) -> 33649.29 | C4: =C3*(data!C4/data!C3) -> 33072.416 | D4: =D3*(data!D4/data!D3) -> 33406.7 | E4: =SUM(B4:D4) -> 100128.41 | F4: =E4/E3-1 -> -0.0030348581 | H4: Time (years) | I4: =(A4134-A2)/365 -> 16.657534
A5: 40185 | B5: =B4*(data!B5/data!B4) -> 33530.184 | C5: =C4*(data!C5/data!C4) -> 33170.349 | D5: =D4*(data!D5/data!D4) -> 33394.439 | E5: =SUM(B5:D5) -> 100094.97 | F5: =E5/E4-1 -> -0.00033391141
A6: 40186 | B6: =B5*(data!B6/data!B5) -> 33413.182 | C6: =C5*(data!C6/data!C5) -> 33142.209 | D6: =D5*(data!D6/data!D5) -> 33081.475 | E6: =SUM(B6:D6) -> 99636.866 | F6: =E6/E5-1 -> -0.0045767102 | H6: Absolute return | I6: =E4134/E2-1 -> 9.8888614
A7: 40189 | B7: =B6*(data!B7/data!B6) -> 33443.51 | C7: =C6*(data!C7/data!C6) -> 33090.517 | D7: =D6*(data!D7/data!D6) -> 33808.708 | E7: =SUM(B7:D7) -> 100342.74 | F7: =E7/E6-1 -> 0.0070844136 | H7: CAGR | I7: =(E4134/E2)^(1/I4)-1 -> 0.15412556
A8: 40190 | B8: =B7*(data!B8/data!B7) -> 33194.881 | C8: =C7*(data!C8/data!C7) -> 32960.801 | D8: =D7*(data!D8/data!D7) -> 33685.895 | E8: =SUM(B8:D8) -> 99841.577 | F8: =E8/E7-1 -> -0.0049944666 | H8: Stdv | I8: =_xlfn.STDEV.S(F3:F4134)*SQRT(252) -> 0.10848314
A9: 40191 | B9: =B8*(data!B9/data!B8) -> 33345.085 | C9: =C8*(data!C9/data!C8) -> 33143.691 | D9: =D8*(data!D9/data!D8) -> 33310.419 | E9: =SUM(B9:D9) -> 99799.195 | F9: =E9/E8-1 -> -0.00042449277 | H9: Min | I9: =MIN(F3:F4134) -> -0.087323893
A10: 40192 | B10: =B9*(data!B10/data!B9) -> 33510.324 | C10: =C9*(data!C10/data!C9) -> 33283.203 | D10: =D9*(data!D10/data!D9) -> 33302.58 | E10: =SUM(B10:D10) -> 100096.11 | F10: =E10/E9-1 -> 0.0029751037 | H10: Max | I10: =MAX(F3:F4134) -> 0.071710672
A11: 40193 | B11: =B10*(data!B11/data!B10) -> 33461.266 | C11: =C10*(data!C11/data!C10) -> 33105.013 | D11: =D10*(data!D11/data!D10) -> 33279.665 | E11: =SUM(B11:D11) -> 99845.944 | F11: =E11/E10-1 -> -0.0024992338
A12: 40196 | B12: =B11*(data!B12/data!B11) -> 33605.517 | C12: =C11*(data!C12/data!C11) -> 33548.164 | D12: =D11*(data!D12/data!D11) -> 33378.358 | E12: =SUM(B12:D12) -> 100532.04 | F12: =E12/E11-1 -> 0.0068715394
A13: 40197 | B13: =B12*(data!B13/data!B12) -> 33293.409 | C13: =C12*(data!C13/data!C12) -> 33548.164 | D13: =D12*(data!D13/data!D12) -> 33297.957 | E13: =SUM(B13:D13) -> 100139.53 | F13: =E13/E12-1 -> -0.0039043218
A14: 40198 | B14: =B13*(data!B14/data!B13) -> 33268.366 | C14: =C13*(data!C14/data!C13) -> 33385.894 | D14: =D13*(data!D14/data!D13) -> 33389.012 | E14: =SUM(B14:D14) -> 100043.27 | F14: =E14/E13-1 -> -0.00096123616
A15: 40199 | B15: =B14*(data!B15/data!B14) -> 32455.562 | C15: =C14*(data!C15/data!C14) -> 32754.25 | D15: =D14*(data!D15/data!D14) -> 32673.436 | E15: =SUM(B15:D15) -> 97883.249 | F15: =E15/E14-1 -> -0.021590887
A16: 40200 | B16: =B15*(data!B16/data!B15) -> 32085.313 | C16: =C15*(data!C16/data!C15) -> 32105.289 | D16: =D15*(data!D16/data!D15) -> 32593.236 | E16: =SUM(B16:D16) -> 96783.838 | F16: =E16/E15-1 -> -0.011231861
A17: 40203 | B17: =B16*(data!B17/data!B16) -> 31906.064 | C17: =C16*(data!C17/data!C16) -> 32148.941 | D17: =D16*(data!D17/data!D16) -> 32802.481 | E17: =SUM(B17:D17) -> 96857.486 | F17: =E17/E16-1 -> 0.000760952
A18: 40205 | B18: =B17*(data!B18/data!B17) -> 30921.554 | C18: =C17*(data!C18/data!C17) -> 32339.32 | D18: =D17*(data!D18/data!D17) -> 32620.974 | E18: =SUM(B18:D18) -> 95881.849 | F18: =E18/E17-1 -> -0.010072912
A19: 40206 | B19: =B18*(data!B19/data!B18) -> 31011.718 | C19: =C18*(data!C19/data!C18) -> 31994.384 | D19: =D18*(data!D19/data!D18) -> 32545.799 | E19: =SUM(B19:D19) -> 95551.9 | F19: =E19/E18-1 -> -0.0034412005
A20: 40207 | B20: =B19*(data!B20/data!B19) -> 31106.499 | C20: =C19*(data!C20/data!C19) -> 31495.612 | D20: =D19*(data!D20/data!D19) -> 32321.88 | E20: =SUM(B20:D20) -> 94923.992 | F20: =E20/E19-1 -> -0.0065713889
A21: 40210 | B21: =B20*(data!B21/data!B20) -> 31220.525 | C21: =C20*(data!C21/data!C20) -> 32076.632 | D21: =D20*(data!D21/data!D20) -> 32276.252 | E21: =SUM(B21:D21) -> 95573.409 | F21: =E21/E20-1 -> 0.0068414491
A22: 40211 | B22: =B21*(data!B22/data!B21) -> 30776.944 | C22: =C21*(data!C22/data!C21) -> 32380.614 | D22: =D21*(data!D22/data!D21) -> 33152.229 | E22: =SUM(B22:D22) -> 96309.787 | F22: =E22/E21-1 -> 0.0077048364
... A4134: 46262 | B4134: =B4133*(data!B4134/data!B4133) -> 188453.4 | C4134: =C4133*(data!C4134/data!C4133) -> 637952.59 | D4134: =D4133*(data!D4134/data!D4133) -> 262480.15 | E4134: =SUM(B4134:D4134) -> 1088886.1 | F4134: =E4134/E4133-1 -> 0.0008098653

Sheet weights
A1: Date | B1: NIFTY50 | C1: SPUS500 | D1: GOLDETF
A2: 40182 | B2: =portfolio!B2/portfolio!$E2 -> 0.33333333 | C2: =portfolio!C2/portfolio!$E2 -> 0.33333333 | D2: =portfolio!D2/portfolio!$E2 -> 0.33333333
A3: 40183 | B3: =portfolio!B3/portfolio!$E3 -> 0.3347952 | C3: =portfolio!C3/portfolio!$E3 -> 0.33192631 | D3: =portfolio!D3/portfolio!$E3 -> 0.33327849
A4: 40184 | B4: =portfolio!B4/portfolio!$E4 -> 0.33606138 | C4: =portfolio!C4/portfolio!$E4 -> 0.33030004 | D4: =portfolio!D4/portfolio!$E4 -> 0.33363859
A5: 40185 | B5: =portfolio!B5/portfolio!$E5 -> 0.3349837 | C5: =portfolio!C5/portfolio!$E5 -> 0.33138877 | D5: =portfolio!D5/portfolio!$E5 -> 0.33362753
A6: 40186 | B6: =portfolio!B6/portfolio!$E6 -> 0.33534959 | C6: =portfolio!C6/portfolio!$E6 -> 0.33262998 | D6: =portfolio!D6/portfolio!$E6 -> 0.33202043
A7: 40189 | B7: =portfolio!B7/portfolio!$E7 -> 0.33329279 | C7: =portfolio!C7/portfolio!$E7 -> 0.32977491 | D7: =portfolio!D7/portfolio!$E7 -> 0.3369323
A8: 40190 | B8: =portfolio!B8/portfolio!$E8 -> 0.33247553 | C8: =portfolio!C8/portfolio!$E8 -> 0.33013101 | D8: =portfolio!D8/portfolio!$E8 -> 0.33739346
A9: 40191 | B9: =portfolio!B9/portfolio!$E9 -> 0.33412178 | C9: =portfolio!C9/portfolio!$E9 -> 0.33210379 | D9: =portfolio!D9/portfolio!$E9 -> 0.33377443
A10: 40192 | B10: =portfolio!B10/portfolio!$E10 -> 0.33478149 | C10: =portfolio!C10/portfolio!$E10 -> 0.33251246 | D10: =portfolio!D10/portfolio!$E10 -> 0.33270604
A11: 40193 | B11: =portfolio!B11/portfolio!$E11 -> 0.33512894 | C11: =portfolio!C11/portfolio!$E11 -> 0.33156092 | D11: =portfolio!D11/portfolio!$E11 -> 0.33331014
A12: 40196 | B12: =portfolio!B12/portfolio!$E12 -> 0.33427668 | C12: =portfolio!C12/portfolio!$E12 -> 0.33370619 | D12: =portfolio!D12/portfolio!$E12 -> 0.33201712
A13: 40197 | B13: =portfolio!B13/portfolio!$E13 -> 0.33247019 | C13: =portfolio!C13/portfolio!$E13 -> 0.3350142 | D13: =portfolio!D13/portfolio!$E13 -> 0.33251561
... A4134: 46262 | B4134: =portfolio!B4134/portfolio!$E4134 -> 0.17306989 | C4134: =portfolio!C4134/portfolio!$E4134 -> 0.58587631 | D4134: =portfolio!D4134/portfolio!$E4134 -> 0.24105381
