Workbook

Sheet Data
A1: Date | B1: Nifty TRI | C1: Midcap TRI | D1: Smallcap TRI | E1: Goldbees | F1: GSec | G1: S&P500
A2: 42370 | B2: 10598 | C2: 5320.72 | D2: 5392.79 | E2: 22.8 | F2: 1396.59 | G2: 250531.17
A3: 42373 | B3: 10369.24 | C3: 5268.21 | D3: 5324.78 | E3: 23.05 | F3: 1397.89 | G3: 250531.17
A4: 42374 | B4: 10360.42 | C4: 5301.58 | D4: 5362.62 | E4: 23.2 | F4: 1396.66 | G4: 250771.69
A5: 42375 | B5: 10302.32 | C5: 5285.74 | D5: 5340.69 | E5: 23.33 | F5: 1397.16 | G5: 248390.68
A6: 42376 | B6: 10072.45 | C6: 5152.71 | D6: 5173.49 | E6: 23.67 | F6: 1397.49 | G6: 242582.9
A7: 42377 | B7: 10116.45 | C7: 5211.34 | D7: 5243.82 | E7: 23.61 | F7: 1397.35 | G7: 240278.71
A8: 42380 | B8: 10066.57 | C8: 5182.42 | D8: 5207.46 | E8: 23.68 | F8: 1397.05 | G8: 240339.22
A9: 42381 | B9: 9995.25 | C9: 5130.87 | D9: 5153.19 | E9: 23.63 | F9: 1396.86 | G9: 242468.96
A10: 42382 | B10: 10064.62 | C10: 5079.46 | D10: 5038.09 | E10: 23.31 | F10: 1396.68 | G10: 236054.04
A11: 42383 | B11: 10030.53 | C11: 5009.89 | D11: 4967.32 | E11: 23.67 | F11: 1394.97 | G11: 242264.54
A12: 42384 | B12: 9898.8 | C12: 4864.6 | D12: 4785.43 | E12: 23.71 | F12: 1393.53 | G12: 238343.87
A13: 42387 | B13: 9783.26 | C13: 4710.16 | D13: 4573.09 | E13: 23.85 | F13: 1394 | G13: 238260.67
... A2479: 46022 | B2479: 39333.55 | C2479: 28332.35 | D2479: 21212.7 | E2479: 110.11 | F2479: 2613.56 | G2479: 1367405.2

Sheet Efficient Frontier
A1: Date | B1: Nifty TRI | C1: GSec | F1: Nifty TRI | G1: GSec
A2: 42373 | B2: =Data!B3/Data!B2-1 -> -0.021585205 | C2: =Data!F3/Data!F2-1 -> 0.00093083869 | E2: Mean | F2: =AVERAGE(B$2:B$2478)*$J$2 -> 0.14666364 | G2: =AVERAGE(C$2:C$2478)*$J$2 -> 0.064645337 | I2: Annualised factor | J2: 252
A3: 42374 | B3: =Data!B4/Data!B3-1 -> -0.00085059271 | C3: =Data!F4/Data!F3-1 -> -0.00087989756 | E3: Stdv | F3: =_xlfn.STDEV.S(B$2:B$2478)*SQRT($J$2) -> 0.1619462 | G3: =_xlfn.STDEV.S(C$2:C$2478)*SQRT($J$2) -> 0.041992164 | I3: Correlation | J3: =CORREL(B1:B2478,C1:C2478) -> 0.062364388
A4: 42375 | B4: =Data!B5/Data!B4-1 -> -0.0056078808 | C4: =Data!F5/Data!F4-1 -> 0.00035799694 | E4: Mean/Stdv | F4: =F2/F3 -> 0.90563188 | G4: =G2/G3 -> 1.5394619 | I4: Covariance | J4: =G7*$J$2 -> 0.00042393602
A5: 42376 | B5: =Data!B6/Data!B5-1 -> -0.02231245 | C5: =Data!F6/Data!F5-1 -> 0.00023619342
A6: 42377 | B6: =Data!B7/Data!B6-1 -> 0.0043683513 | C6: =Data!F7/Data!F6-1 -> -0.00010017961 | F6: Nifty TRI | G6: GSec
A7: 42380 | B7: =Data!B8/Data!B7-1 -> -0.0049305834 | C7: =Data!F8/Data!F7-1 -> -0.0002146921 | E7: Nifty TRI | F7: =VARP('Efficient Frontier'!$B$2:$B$2478) -> 0.00010403168 | G7: 1.6822858e-06
A8: 42381 | B8: =Data!B9/Data!B8-1 -> -0.0070848362 | C8: =Data!F9/Data!F8-1 -> -0.00013600086 | E8: GSec | F8: 1.6822858e-06 | G8: =VARP('Efficient Frontier'!$C$2:$C$2478) -> 6.9945632e-06
A9: 42382 | B9: =Data!B10/Data!B9-1 -> 0.0069402966 | C9: =Data!F10/Data!F9-1 -> -0.00012886044
A10: 42383 | B10: =Data!B11/Data!B10-1 -> -0.0033871125 | C10: =Data!F11/Data!F10-1 -> -0.001224332 | E10: Check | F10: Nifty Weight % | G10: GSec Weight % | H10: Expected Return | I10: Risk | J10: Return/Risk
A11: 42384 | B11: =Data!B12/Data!B11-1 -> -0.013132905 | C11: =Data!F12/Data!F11-1 -> -0.0010322803 | E11: 1 | H11: =(F11*$F$2)+(G11*$G$2) -> 0 | I11: =SQRT((F11*$F$3)^2+(G11*$G$3)^2+(2*F11*G11*$F$3*$G$3*$J$3)) -> 0 | J11: =H11/I11 -> #DIV/0!
A12: 42387 | B12: =Data!B13/Data!B12-1 -> -0.011672122 | C12: =Data!F13/Data!F12-1 -> 0.00033727297 | E12: 1
A13: 42388 | B13: =Data!B14/Data!B13-1 -> 0.011439949 | C13: =Data!F14/Data!F13-1 -> 0.00223099 | E13: 1
A14: 42389 | B14: =Data!B15/Data!B14-1 -> -0.016918338 | C14: =Data!F15/Data!F14-1 -> 0.0018752997 | E14: 1
A15: 42390 | B15: =Data!B16/Data!B15-1 -> -0.0043668796 | C15: =Data!F16/Data!F15-1 -> 0.00060725997 | E15: 1
A16: 42391 | B16: =Data!B17/Data!B16-1 -> 0.020013856 | C16: =Data!F17/Data!F16-1 -> -0.0016207571 | E16: 1
A17: 42394 | B17: =Data!B18/Data!B17-1 -> 0.0019384298 | C17: =Data!F18/Data!F17-1 -> -0.0012157533 | E17: 1
A18: 42396 | B18: =Data!B19/Data!B18-1 -> 0.0003101549 | C18: =Data!F19/Data!F18-1 -> 0.0015466021 | E18: 1
A19: 42397 | B19: =Data!B20/Data!B19-1 -> -0.0017583461 | C19: =Data!F20/Data!F19-1 -> -0.00088649313 | E19: 1
A20: 42398 | B20: =Data!B21/Data!B20-1 -> 0.018709138 | C20: =Data!F21/Data!F20-1 -> 0.0018532697 | E20: 1
A21: 42401 | B21: =Data!B22/Data!B21-1 -> -0.0010100448 | C21: =Data!F22/Data!F21-1 -> -0.00041425021 | E21: 1
A22: 42402 | B22: =Data!B23/Data!B22-1 -> -0.013193567 | C22: =Data!F23/Data!F22-1 -> -0.0034511339 | E22: 1
A23: 42403 | B23: =Data!B24/Data!B23-1 -> -0.012528738 | C23: =Data!F24/Data!F23-1 -> 0.00020075858 | E23: 1
... A136: 42571 | B136: =Data!B137/Data!B136-1 -> 0.0043742554 | C136: =Data!F137/Data!F136-1 -> 0.00088699544 | E136: 1
A137: 42572 | B137: =Data!B138/Data!B137-1 -> -0.0062938442 | C137: =Data!F138/Data!F137-1 -> 0.00078550376
A138: 42573 | B138: =Data!B139/Data!B138-1 -> 0.0036578626 | C138: =Data!F139/Data!F138-1 -> 0.0010062657
A139: 42576 | B139: =Data!B140/Data!B139-1 -> 0.011223728 | C139: =Data!F140/Data!F139-1 -> 0.0006969762
A140: 42577 | B140: =Data!B141/Data!B140-1 -> -0.0052135523 | C140: =Data!F141/Data!F140-1 -> -8.0364318e-05
A141: 42578 | B141: =Data!B142/Data!B141-1 -> 0.0029326732 | C141: =Data!F142/Data!F141-1 -> 0.00032148311
A142: 42579 | B142: =Data!B143/Data!B142-1 -> 0.0062644435 | C142: =Data!F143/Data!F142-1 -> 0.0045194033
A143: 42580 | B143: =Data!B144/Data!B143-1 -> -0.0032079834 | C143: =Data!F144/Data!F143-1 -> 0.0017129793
A144: 42583 | B144: =Data!B145/Data!B144-1 -> -0.0002247133 | C144: =Data!F145/Data!F144-1 -> 0.0019495901
A145: 42584 | B145: =Data!B146/Data!B145-1 -> -0.0015104817 | C145: =Data!F146/Data!F145-1 -> -0.0021649478
A146: 42585 | B146: =Data!B147/Data!B146-1 -> -0.0090481386 | C146: =Data!F147/Data!F146-1 -> -0.001151376
A147: 42586 | B147: =Data!B148/Data!B147-1 -> 0.0007302167 | C147: =Data!F148/Data!F147-1 -> 0.001925614
A148: 42587 | B148: =Data!B149/Data!B148-1 -> 0.015441641 | C148: =Data!F149/Data!F148-1 -> 0.00039236289
... A2478: 46022 | B2478: =Data!B2479/Data!B2478-1 -> 0.0073540711 | C2478: =Data!F2479/Data!F2478-1 -> -0.00123052
