Workbook

Sheet Daily
A1: Date | B1: #VALUE! | C1: Returns
A2: {=_xlfn.STOCKHISTORY(B1,$F$2,$F$3,0,0,0,1)} -> 45169 | B2: 19253.8 | E2: Start date | F2: =EOMONTH(F3,-36) -> 45169
A3: 45170 | B3: 19435.3 | C3: =B3/B2-1 -> 0.0094267106 | E3: End date | F3: =TODAY() -> 46252
A4: 45173 | B4: 19528.8 | C4: =B4/B3-1 -> 0.0048108339 | I4: Daily | J4: Annualised
A5: 45174 | B5: 19574.9 | C5: =B5/B4-1 -> 0.0023606161 | E5: Returns | H5: Average Return | I5: =AVERAGE(C3:C730) -> 0.00037114606 | J5: =I5*252 -> 0.093528807
A6: 45175 | B6: 19611.05 | C6: =B6/B5-1 -> 0.0018467527 | H6: Standard Deviation | I6: =_xlfn.STDEV.S(C3:C730) -> 0.0084122355 | J6: =I6*SQRT(252) -> 0.1335401
A7: 45176 | B7: 19727.05 | C7: =B7/B6-1 -> 0.0059150326 | E7: Mean | F7: 0.00037114606 | H7: Return/Risk | J7: =J5/J6 -> 0.70037994
A8: 45177 | B8: 19819.95 | C8: =B8/B7-1 -> 0.0047092698 | E8: Standard Error | F8: 0.00031177819
A9: 45180 | B9: 19996.35 | C9: =B9/B8-1 -> 0.0089001234 | E9: Median | F9: 0.00046591741
A10: 45181 | B10: 19993.2 | C10: =B10/B9-1 -> -0.00015752875 | E10: Mode | F10: #N/A | I10: Downside | J10: Upside | K10: Confidence Interval
A11: 45182 | B11: 20070 | C11: =B11/B10-1 -> 0.003841306 | E11: Standard Deviation | F11: 0.0084122355 | H11: 1 | I11: =$I$5-$I$6*$H11 -> -0.0080410895 | J11: =$I$5+$I$6*$H11 -> 0.0087833816 | K11: 0.68
A12: 45183 | B12: 20103.1 | C12: =B12/B11-1 -> 0.0016492277 | E12: Sample Variance | F12: 7.0765707e-05 | H12: 2 | I12: =$I$5-$I$6*$H12 -> -0.016453325 | J12: =$I$5+$I$6*$H12 -> 0.017195617 | K12: 0.95
A13: 45184 | B13: 20192.35 | C13: =B13/B12-1 -> 0.0044396138 | E13: Kurtosis | F13: 5.2893543 | H13: 3 | I13: =$I$5-$I$6*$H13 -> -0.024865561 | J13: =$I$5+$I$6*$H13 -> 0.025607853 | K13: 0.99
A14: 45187 | B14: 20133.3 | C14: =B14/B13-1 -> -0.0029243748 | E14: Skewness | F14: -0.36941446
A15: 45189 | B15: 19901.4 | C15: =B15/B14-1 -> -0.011518231 | E15: Range | F15: 0.097476689
A16: 45190 | B16: 19742.35 | C16: =B16/B15-1 -> -0.0079919001 | E16: Minimum | F16: -0.059293584
A17: 45191 | B17: 19674.25 | C17: =B17/B16-1 -> -0.0034494374 | E17: Maximum | F17: 0.038183106
A18: 45194 | B18: 19674.55 | C18: =B18/B17-1 -> 1.5248358e-05 | E18: Sum | F18: 0.27019433
A19: 45195 | B19: 19664.7 | C19: =B19/B18-1 -> -0.00050064677 | E19: Count | F19: 728
A20: 45196 | B20: 19716.45 | C20: =B20/B19-1 -> 0.0026316191
A21: 45197 | B21: 19523.55 | C21: =B21/B20-1 -> -0.0097837085
A22: 45198 | B22: 19638.3 | C22: =B22/B21-1 -> 0.0058775172
A23: 45202 | B23: 19528.75 | C23: =B23/B22-1 -> -0.0055783851
A24: 45203 | B24: 19436.1 | C24: =B24/B23-1 -> -0.0047442873
A25: 45204 | B25: 19545.75 | C25: =B25/B24-1 -> 0.0056415639
A26: 45205 | B26: 19653.5 | C26: =B26/B25-1 -> 0.0055127074
A27: 45208 | B27: 19512.35 | C27: =B27/B26-1 -> -0.0071819269
A28: 45209 | B28: 19689.85 | C28: =B28/B27-1 -> 0.0090968028
A29: 45210 | B29: 19811.35 | C29: =B29/B28-1 -> 0.006170692
A30: 45211 | B30: 19794 | C30: =B30/B29-1 -> -0.00087576061
A31: 45212 | B31: 19751.05 | C31: =B31/B30-1 -> -0.0021698494
... A730: 46244 | B730: 24583.8 | C730: =B730/B729-1 -> 0.00053519138
A731: 46245 | B731: 24471.7
A732: 46246 | B732: 24435.95
A733: 46247 | B733: 24395.85
A734: 46248 | B734: 24366
A735: 46251 | B735: 24287.65

Sheet Weekly
A1: Date | B1: #VALUE! | C1: Returns
A2: {=_xlfn.STOCKHISTORY(B1,$F$2,$F$3,1,0,0,1)} -> 45166 | B2: 19435.3 | E2: Start date | F2: =EOMONTH(F3,-36) -> 45169
A3: 45173 | B3: 19819.95 | C3: =B3/B2-1 -> 0.019791308 | E3: End date | F3: =TODAY() -> 46252
A4: 45180 | B4: 20192.35 | C4: =B4/B3-1 -> 0.018789149 | I4: Daily | J4: Annualised
A5: 45187 | B5: 19674.25 | C5: =B5/B4-1 -> -0.025658232 | E5: Returns | H5: Average Return | I5: =AVERAGE(C3:C156) -> 0.0016178963 | J5: =I5*52 -> 0.084130607
A6: 45194 | B6: 19638.3 | C6: =B6/B5-1 -> -0.0018272615 | H6: Standard Deviation | I6: =_xlfn.STDEV.S(C3:C156) -> 0.017292342 | J6: =I6*SQRT(52) -> 0.12469685
A7: 45202 | B7: 19653.5 | C7: =B7/B6-1 -> 0.00077399775 | E7: Mean | F7: 0.0016754563 | H7: Return/Risk | J7: =J5/J6 -> 0.67468108
A8: 45208 | B8: 19751.05 | C8: =B8/B7-1 -> 0.0049634925 | E8: Standard Error | F8: 0.0013919592
A9: 45215 | B9: 19542.65 | C9: =B9/B8-1 -> -0.010551338 | E9: Median | F9: 0.0033253104
A10: 45222 | B10: 19047.25 | C10: =B10/B9-1 -> -0.025349684 | E10: Mode | F10: #N/A | I10: Downside | J10: Upside | K10: Confidence Interval
A11: 45229 | B11: 19230.6 | C11: =B11/B10-1 -> 0.0096260615 | E11: Standard Deviation | F11: 0.017273759 | H11: 1 | I11: =$I$5-$I$6*$H11 -> -0.015674446 | J11: =$I$5+$I$6*$H11 -> 0.018910239 | K11: 0.68
A12: 45236 | B12: 19425.35 | C12: =B12/B11-1 -> 0.010127089 | E12: Sample Variance | F12: 0.00029838275 | H12: 2 | I12: =$I$5-$I$6*$H12 -> -0.032966788 | J12: =$I$5+$I$6*$H12 -> 0.036202581 | K12: 0.95
A13: 45242 | B13: 19731.8 | C13: =B13/B12-1 -> 0.015775778 | E13: Kurtosis | F13: 1.0779601 | H13: 3 | I13: =$I$5-$I$6*$H13 -> -0.05025913 | J13: =$I$5+$I$6*$H13 -> 0.053494923 | K13: 0.99
A14: 45250 | B14: 19794.7 | C14: =B14/B13-1 -> 0.0031877477 | E14: Skewness | F14: -0.17112524
A15: 45258 | B15: 20267.9 | C15: =B15/B14-1 -> 0.023905389 | E15: Range | F15: 0.11202889
A16: 45264 | B16: 20969.4 | C16: =B16/B15-1 -> 0.034611381 | E16: Minimum | F16: -0.053142171
A17: 45271 | B17: 21456.65 | C17: =B17/B16-1 -> 0.023236239 | E17: Maximum | F17: 0.058886722
A18: 45278 | B18: 21349.4 | C18: =B18/B17-1 -> -0.0049984504 | E18: Sum | F18: 0.25802026
A19: 45286 | B19: 21731.4 | C19: =B19/B18-1 -> 0.017892775 | E19: Count | F19: 154
A20: 45292 | B20: 21710.8 | C20: =B20/B19-1 -> -0.00094793709
A21: 45299 | B21: 21894.55 | C21: =B21/B20-1 -> 0.0084635297
A22: 45306 | B22: 21571.8 | C22: =B22/B21-1 -> -0.014741111
A23: 45314 | B23: 21352.6 | C23: =B23/B22-1 -> -0.010161414
A24: 45320 | B24: 21853.8 | C24: =B24/B23-1 -> 0.023472551
A25: 45327 | B25: 21782.5 | C25: =B25/B24-1 -> -0.0032625905
A26: 45334 | B26: 22040.7 | C26: =B26/B25-1 -> 0.011853552
A27: 45341 | B27: 22212.7 | C27: =B27/B26-1 -> 0.0078037449
A28: 45348 | B28: 22378.4 | C28: =B28/B27-1 -> 0.0074596965
A29: 45355 | B29: 22493.55 | C29: =B29/B28-1 -> 0.0051455868
A30: 45362 | B30: 22023.35 | C30: =B30/B29-1 -> -0.02090377
A31: 45369 | B31: 22096.75 | C31: =B31/B30-1 -> 0.0033328263
... A156: 46244 | B156: 24366 | C156: =B156/B155-1 -> -0.008329043
A157: 46251 | B157: 24287.65

Sheet Monthly
A1: Date | B1: #VALUE! | C1: Returns
A2: {=_xlfn.STOCKHISTORY(B1,$F$2,$F$3,2,0,0,1)} -> 45139 | B2: 19253.8 | E2: Start date | F2: =EOMONTH(F3,-36) -> 45169
A3: 45170 | B3: 19638.3 | C3: =B3/B2-1 -> 0.019970084 | E3: End date | F3: =TODAY() -> 46252
A4: 45200 | B4: 19079.6 | C4: =B4/B3-1 -> -0.028449509 | I4: Daily | J4: Annualised
A5: 45231 | B5: 20133.15 | C5: =B5/B4-1 -> 0.055218663 | E5: Returns | H5: Average Return | I5: =AVERAGE(C3:C38) -> 0.0072281658 | J5: =I5*12 -> 0.08673799
A6: 45261 | B6: 21731.4 | C6: =B6/B5-1 -> 0.079384001 | H6: Standard Deviation | I6: =_xlfn.STDEV.S(C3:C38) -> 0.039207258 | J6: =I6*SQRT(12) -> 0.13581793
A7: 45292 | B7: 21725.7 | C7: =B7/B6-1 -> -0.00026229327 | E7: Mean | F7: 0.0075655397 | H7: Return/Risk | J7: =J5/J6 -> 0.63863433
A8: 45323 | B8: 21982.8 | C8: =B8/B7-1 -> 0.011833911 | E8: Standard Error | F8: 0.0065267805
A9: 45352 | B9: 22326.9 | C9: =B9/B8-1 -> 0.015653147 | E9: Median | F9: 0.011623105
A10: 45383 | B10: 22604.85 | C10: =B10/B9-1 -> 0.012449108 | E10: Mode | F10: #N/A | I10: Downside | J10: Upside | K10: Confidence Interval
A11: 45413 | B11: 22530.7 | C11: =B11/B10-1 -> -0.0032802695 | E11: Standard Deviation | F11: 0.039160683 | H11: 1 | I11: =$I$5-$I$6*$H11 -> -0.031979092 | J11: =$I$5+$I$6*$H11 -> 0.046435424 | K11: 0.68
A12: 45444 | B12: 24010.6 | C12: =B12/B11-1 -> 0.065683712 | E12: Sample Variance | F12: 0.0015335591 | H12: 2 | I12: =$I$5-$I$6*$H12 -> -0.07118635 | J12: =$I$5+$I$6*$H12 -> 0.085642682 | K12: 0.95
A13: 45474 | B13: 24951.15 | C13: =B13/B12-1 -> 0.039172282 | E13: Kurtosis | F13: 1.6134665 | H13: 3 | I13: =$I$5-$I$6*$H13 -> -0.11039361 | J13: =$I$5+$I$6*$H13 -> 0.12484994 | K13: 0.99
A14: 45505 | B14: 25235.9 | C14: =B14/B13-1 -> 0.0114123 | E14: Skewness | F14: -0.6675308
A15: 45536 | B15: 25810.85 | C15: =B15/B14-1 -> 0.022783019 | E15: Range | F15: 0.19246592
A16: 45566 | B16: 24205.35 | C16: =B16/B15-1 -> -0.062202523 | E16: Minimum | F16: -0.11308192
A17: 45597 | B17: 24131.1 | C17: =B17/B16-1 -> -0.0030675037 | E17: Maximum | F17: 0.079384001
A18: 45627 | B18: 23644.8 | C18: =B18/B17-1 -> -0.020152417 | E18: Sum | F18: 0.27235943
A19: 45658 | B19: 23508.4 | C19: =B19/B18-1 -> -0.0057687102 | E19: Count | F19: 36
A20: 45689 | B20: 22124.7 | C20: =B20/B19-1 -> -0.058859812
A21: 45717 | B21: 23519.35 | C21: =B21/B20-1 -> 0.063035883
A22: 45748 | B22: 24334.2 | C22: =B22/B21-1 -> 0.03464594
A23: 45778 | B23: 24750.7 | C23: =B23/B22-1 -> 0.017115829
A24: 45809 | B24: 25517.05 | C24: =B24/B23-1 -> 0.030962761
A25: 45839 | B25: 24768.35 | C25: =B25/B24-1 -> -0.029341166
A26: 45870 | B26: 24426.85 | C26: =B26/B25-1 -> -0.013787757
A27: 45901 | B27: 24611.1 | C27: =B27/B26-1 -> 0.0075429292
A28: 45931 | B28: 25722.1 | C28: =B28/B27-1 -> 0.045142233
A29: 45962 | B29: 26202.95 | C29: =B29/B28-1 -> 0.018694041
A30: 45992 | B30: 26129.6 | C30: =B30/B29-1 -> -0.0027993031
A31: 46023 | B31: 25320.65 | C31: =B31/B30-1 -> -0.030959142
... A38: 46235 | B38: 24287.65 | C38: =B38/B37-1 -> -0.0039350219

Sheet Data
A1: Date | B1: NIFTY 50 | C1: SBILIFE | D1: EICHERMOT | E1: NESTLEIND | F1: ETERNAL | G1: GOLDBEES | H1: NIFTY 50 | I1: SBILIFE | J1: EICHERMOT | K1: NESTLEIND | L1: ETERNAL | M1: GOLDBEES | P1: NIFTY 50 | Q1: SBILIFE | R1: EICHERMOT | S1: NESTLEIND | T1: ETERNAL | U1: GOLDBEES
A2: 45169 | B2: 19253.8 | C2: 1292.55 | D2: 3336.6 | E2: 1099.32 | F2: 97.6 | G2: 50.35 | O2: Annualised Return | P2: =AVERAGE(H$3:H$730)*252 -> 0.093528807 | Q2: =AVERAGE(I$3:I$730)*252 -> 0.14963467 | R2: =AVERAGE(J$3:J$730)*252 -> 0.33453677 | S2: =AVERAGE(K$3:K$730)*252 -> 0.1338341 | T2: =AVERAGE(L$3:L$730)*252 -> 0.47098941 | U2: =AVERAGE(M$3:M$730)*252 -> 0.33771827
A3: 45170 | B3: 19435.3 | C3: 1320.55 | D3: 3400.4 | E3: 1095.7775 | F3: 97.2 | G3: 50.37 | H3: =B3/B2-1 -> 0.0094267106 | I3: =C3/C2-1 -> 0.021662605 | J3: =D3/D2-1 -> 0.019121261 | K3: =E3/E2-1 -> -0.0032224466 | L3: =F3/F2-1 -> -0.0040983607 | M3: =G3/G2-1 -> 0.00039721946 | O3: Annualised Stdv | P3: =_xlfn.STDEV.S(H$3:H$730)*SQRT(252) -> 0.1335401 | Q3: =_xlfn.STDEV.S(I$3:I$730)*SQRT(252) -> 0.22187566 | R3: =_xlfn.STDEV.S(J$3:J$730)*SQRT(252) -> 0.25688467 | S3: =_xlfn.STDEV.S(K$3:K$730)*SQRT(252) -> 0.19889797 | T3: =_xlfn.STDEV.S(L$3:L$730)*SQRT(252) -> 0.37655222 | U3: =_xlfn.STDEV.S(M$3:M$730)*SQRT(252) -> 0.21780638
A4: 45173 | B4: 19528.8 | C4: 1328.35 | D4: 3434.15 | E4: 1086.91 | F4: 98.05 | G4: 50.44 | H4: =B4/B3-1 -> 0.0048108339 | I4: =C4/C3-1 -> 0.0059066298 | J4: =D4/D3-1 -> 0.0099253029 | K4: =E4/E3-1 -> -0.0080924275 | L4: =F4/F3-1 -> 0.008744856 | M4: =G4/G3-1 -> 0.0013897161 | O4: Return/Risk | P4: =P2/P3 -> 0.70037994 | Q4: =Q2/Q3 -> 0.67440779 | R4: =R2/R3 -> 1.3022839 | S4: =S2/S3 -> 0.67287819 | T4: =T2/T3 -> 1.2507944 | U4: =U2/U3 -> 1.5505435
A5: 45174 | B5: 19574.9 | C5: 1309.45 | D5: 3403.45 | E5: 1097.7225 | F5: 98.2 | G5: 50.35 | H5: =B5/B4-1 -> 0.0023606161 | I5: =C5/C4-1 -> -0.014228178 | J5: =D5/D4-1 -> -0.0089396212 | K5: =E5/E4-1 -> 0.0099479258 | L5: =F5/F4-1 -> 0.0015298317 | M5: =G5/G4-1 -> -0.0017842982
A6: 45175 | B6: 19611.05 | C6: 1319.8 | D6: 3391.3 | E6: 1100.205 | F6: 98.2 | G6: 50.31 | H6: =B6/B5-1 -> 0.0018467527 | I6: =C6/C5-1 -> 0.0079040819 | J6: =D6/D5-1 -> -0.003569907 | K6: =E6/E5-1 -> 0.0022615005 | L6: =F6/F5-1 -> 0 | M6: =G6/G5-1 -> -0.00079443893
A7: 45176 | B7: 19727.05 | C7: 1347.5 | D7: 3402.45 | E7: 1094.815 | F7: 100.05 | G7: 50.225 | H7: =B7/B6-1 -> 0.0059150326 | I7: =C7/C6-1 -> 0.020988028 | J7: =D7/D6-1 -> 0.0032878247 | K7: =E7/E6-1 -> -0.004899087 | L7: =F7/F6-1 -> 0.018839104 | M7: =G7/G6-1 -> -0.0016895249
A8: 45177 | B8: 19819.95 | C8: 1341.45 | D8: 3370.9 | E8: 1094.1625 | F8: 99.6 | G8: 50.27 | H8: =B8/B7-1 -> 0.0047092698 | I8: =C8/C7-1 -> -0.0044897959 | J8: =D8/D7-1 -> -0.0092727299 | K8: =E8/E7-1 -> -0.0005959911 | L8: =F8/F7-1 -> -0.0044977511 | M8: =G8/G7-1 -> 0.00089596814
A9: 45180 | B9: 19996.35 | C9: 1350.15 | D9: 3404.5 | E9: 1106.3525 | F9: 101.35 | G9: 50.17 | H9: =B9/B8-1 -> 0.0089001234 | I9: =C9/C8-1 -> 0.0064855194 | J9: =D9/D8-1 -> 0.0099676644 | K9: =E9/E8-1 -> 0.011140941 | L9: =F9/F8-1 -> 0.017570281 | M9: =G9/G8-1 -> -0.001989258
A10: 45181 | B10: 19993.2 | C10: 1346.5 | D10: 3341.25 | E10: 1115.8875 | F10: 98.75 | G10: 50.21 | H10: =B10/B9-1 -> -0.00015752875 | I10: =C10/C9-1 -> -0.0027034033 | J10: =D10/D9-1 -> -0.018578352 | K10: =E10/E9-1 -> 0.0086184105 | L10: =F10/F9-1 -> -0.025653675 | M10: =G10/G9-1 -> 0.00079728922
A11: 45182 | B11: 20070 | C11: 1345.5 | D11: 3320.3 | E11: 1108.99 | F11: 97.9 | G11: 50.16 | H11: =B11/B10-1 -> 0.003841306 | I11: =C11/C10-1 -> -0.00074266617 | J11: =D11/D10-1 -> -0.0062701085 | K11: =E11/E10-1 -> -0.0061811787 | L11: =F11/F10-1 -> -0.0086075949 | M11: =G11/G10-1 -> -0.00099581757
A12: 45183 | B12: 20103.1 | C12: 1352.75 | D12: 3381.4 | E12: 1123.885 | F12: 99.45 | G12: 50.02 | H12: =B12/B11-1 -> 0.0016492277 | I12: =C12/C11-1 -> 0.0053883315 | J12: =D12/D11-1 -> 0.018401952 | K12: =E12/E11-1 -> 0.01343114 | L12: =F12/F11-1 -> 0.015832482 | M12: =G12/G11-1 -> -0.0027910686
A13: 45184 | B13: 20192.35 | C13: 1372.65 | D13: 3427.2 | E13: 1131.115 | F13: 102.95 | G13: 49.88 | H13: =B13/B12-1 -> 0.0044396138 | I13: =C13/C12-1 -> 0.014710774 | J13: =D13/D12-1 -> 0.013544686 | K13: =E13/E12-1 -> 0.0064330425 | L13: =F13/F12-1 -> 0.035193565 | M13: =G13/G12-1 -> -0.0027988804
A14: 45187 | B14: 20133.3 | C14: 1373.7 | D14: 3431.75 | E14: 1140.97 | F14: 102.15 | G14: 49.88 | H14: =B14/B13-1 -> -0.0029243748 | I14: =C14/C13-1 -> 0.00076494372 | J14: =D14/D13-1 -> 0.0013276144 | K14: =E14/E13-1 -> 0.008712642 | L14: =F14/F13-1 -> -0.0077707625 | M14: =G14/G13-1 -> 0
A15: 45189 | B15: 19901.4 | C15: 1345.2 | D15: 3441.2 | E15: 1134.0125 | F15: 100 | G15: 50.12 | H15: =B15/B14-1 -> -0.011518231 | I15: =C15/C14-1 -> -0.020746888 | J15: =D15/D14-1 -> 0.0027536971 | K15: =E15/E14-1 -> -0.0060978816 | L15: =F15/F14-1 -> -0.021047479 | M15: =G15/G14-1 -> 0.0048115477
A16: 45190 | B16: 19742.35 | C16: 1334.2 | D16: 3435.85 | E16: 1126.675 | F16: 99.15 | G16: 50.44 | H16: =B16/B15-1 -> -0.0079919001 | I16: =C16/C15-1 -> -0.0081772227 | J16: =D16/D15-1 -> -0.0015546902 | K16: =E16/E15-1 -> -0.0064703872 | L16: =F16/F15-1 -> -0.0085 | M16: =G16/G15-1 -> 0.0063846768
... A730: 46244 | B730: 24583.8 | C730: 1855 | D730: 7975 | E730: 1528.6 | F730: 310.25 | G730: 124.58 | H730: =B730/B729-1 -> 0.00053519138 | I730: =C730/C729-1 -> -0.00026946915 | J730: =D730/D729-1 -> -0.0056109726 | K730: =E730/E729-1 -> -0.0074025974 | L730: =F730/F729-1 -> -0.015079365 | M730: =G730/G729-1 -> 0.0095623987

Sheet Portfolio
B1: NIFTY 50 | C1: SBILIFE | D1: EICHERMOT | E1: NESTLEIND | F1: ETERNAL | G1: GOLDBEES | H1: PORTFOLIO | I1: Returns
A2: Weight | C2: 0.1 | D2: 0.25 | E2: 0.1 | F2: 0.25 | G2: 0.3 | H2: =SUM(C2:G2) -> 1 | K2: Initial Investment | L2: 100000
A3: Quantity | C3: =$L$2*C2/C4 -> 7.7366446 | D3: =$L$2*D2/D4 -> 7.4926572 | E3: =$L$2*E2/E4 -> 9.0965324 | F3: =$L$2*F2/F4 -> 256.14754 | G3: =$L$2*G2/G4 -> 595.8292 | K3: Portfolio Final Value | L3: =H732 -> 241708.55
A4: 45169 | B4: 19253.8 | C4: 1292.55 | D4: 3336.6 | E4: 1099.32 | F4: 97.6 | G4: 50.35 | H4: =SUMPRODUCT($C$3:$G$3,C4:G4) -> 100000
A5: 45170 | B5: 19435.3 | C5: 1320.55 | D5: 3400.4 | E5: 1095.7775 | F5: 97.2 | G5: 50.37 | H5: =SUMPRODUCT($C$3:$G$3,C5:G5) -> 100571.89 | I5: =H5/H4-1 -> 0.0057189068 | L5: Portfolio | M5: EWP | N5: Nifty 50
A6: 45173 | B6: 19528.8 | C6: 1328.35 | D6: 3434.15 | E6: 1086.91 | F6: 98.05 | G6: 50.44 | H6: =SUMPRODUCT($C$3:$G$3,C6:G6) -> 101063.88 | I6: =H6/H5-1 -> 0.004891953 | K6: Annualised Return | L6: =AVERAGE(I5:I732)*252 -> 0.32140709 | M6: 0.2824574 | N6: 0.093528807
A7: 45174 | B7: 19574.9 | C7: 1309.45 | D7: 3403.45 | E7: 1097.7225 | F7: 98.2 | G7: 50.35 | H7: =SUMPRODUCT($C$3:$G$3,C7:G7) -> 100770.79 | I7: =H7/H6-1 -> -0.0029000805 | K7: Annualised Stdv | L7: =_xlfn.STDEV.S(I5:I732)*SQRT(252) -> 0.17749616 | M7: 0.16469877 | N7: 0.1335401
A8: 45175 | B8: 19611.05 | C8: 1319.8 | D8: 3391.3 | E8: 1100.205 | F8: 98.2 | G8: 50.31 | H8: =SUMPRODUCT($C$3:$G$3,C8:G8) -> 100758.58 | I8: =H8/H7-1 -> -0.00012119126 | K8: Return/Risk | L8: =L6/L7 -> 1.8107834 | M8: =M6/M7 -> 1.714994 | N8: =N6/N7 -> 0.70037994
A9: 45176 | B9: 19727.05 | C9: 1347.5 | D9: 3402.45 | E9: 1094.815 | F9: 100.05 | G9: 50.225 | H9: =SUMPRODUCT($C$3:$G$3,C9:G9) -> 101430.62 | I9: =H9/H8-1 -> 0.0066698574 | K9: Correlation | L9: =CORREL($I$5:$I$732,Data!$H$3:$H$730) -> 0.55173567 | M9: 0.61 | N9: 1
A10: 45177 | B10: 19819.95 | C10: 1341.45 | D10: 3370.9 | E10: 1094.1625 | F10: 99.6 | G10: 50.27 | H10: =SUMPRODUCT($C$3:$G$3,C10:G10) -> 101053.03 | I10: =H10/H9-1 -> -0.0037226391
A11: 45180 | B11: 19996.35 | C11: 1350.15 | D11: 3404.5 | E11: 1106.3525 | F11: 101.35 | G11: 50.17 | H11: =SUMPRODUCT($C$3:$G$3,C11:G11) -> 101871.66 | I11: =H11/H10-1 -> 0.0081009354
A12: 45181 | B12: 19993.2 | C12: 1346.5 | D12: 3341.25 | E12: 1115.8875 | F12: 98.75 | G12: 50.21 | H12: =SUMPRODUCT($C$3:$G$3,C12:G12) -> 100814.09 | I12: =H12/H11-1 -> -0.01038134
A13: 45182 | B13: 20070 | C13: 1345.5 | D13: 3320.3 | E13: 1108.99 | F13: 97.9 | G13: 50.16 | H13: =SUMPRODUCT($C$3:$G$3,C13:G13) -> 100339.13 | I13: =H13/H12-1 -> -0.0047113256
A14: 45183 | B14: 20103.1 | C14: 1352.75 | D14: 3381.4 | E14: 1123.885 | F14: 99.45 | G14: 50.02 | H14: =SUMPRODUCT($C$3:$G$3,C14:G14) -> 101302.12 | I14: =H14/H13-1 -> 0.0095974275
A15: 45184 | B15: 20192.35 | C15: 1372.65 | D15: 3427.2 | E15: 1131.115 | F15: 102.95 | G15: 49.88 | H15: =SUMPRODUCT($C$3:$G$3,C15:G15) -> 102678.11 | I15: =H15/H14-1 -> 0.013583044
A16: 45187 | B16: 20133.3 | C16: 1373.7 | D16: 3431.75 | E16: 1140.97 | F16: 102.15 | G16: 49.88 | H16: =SUMPRODUCT($C$3:$G$3,C16:G16) -> 102605.06 | I16: =H16/H15-1 -> -0.00071151131
A17: 45189 | B17: 19901.4 | C17: 1345.2 | D17: 3441.2 | E17: 1134.0125 | F17: 100 | G17: 50.12 | H17: =SUMPRODUCT($C$3:$G$3,C17:G17) -> 101984.36 | I17: =H17/H16-1 -> -0.0060493713
A18: 45190 | B18: 19742.35 | C18: 1334.2 | D18: 3435.85 | E18: 1126.675 | F18: 99.15 | G18: 50.44 | H18: =SUMPRODUCT($C$3:$G$3,C18:G18) -> 101765.37 | I18: =H18/H17-1 -> -0.0021473359
A19: 45191 | B19: 19674.25 | C19: 1318.85 | D19: 3409.45 | E19: 1126.625 | F19: 99.9 | G19: 50.38 | H19: =SUMPRODUCT($C$3:$G$3,C19:G19) -> 101604.71 | I19: =H19/H18-1 -> -0.0015787057
A20: 45194 | B20: 19674.55 | C20: 1294.15 | D20: 3386.65 | E20: 1131.9375 | F20: 98.45 | G20: 50.27 | H20: =SUMPRODUCT($C$3:$G$3,C20:G20) -> 100854.15 | I20: =H20/H19-1 -> -0.0073870348
A21: 45195 | B21: 19664.7 | C21: 1289.7 | D21: 3472.15 | E21: 1150.2775 | F21: 99.9 | G21: 50.22 | H21: =SUMPRODUCT($C$3:$G$3,C21:G21) -> 101968.8 | I21: =H21/H20-1 -> 0.011052069
... A732: 46244 | B732: 24583.8 | C732: 1855 | D732: 7975 | E732: 1528.6 | F732: 310.25 | G732: 124.58 | H732: =SUMPRODUCT($C$3:$G$3,C732:G732) -> 241708.55 | I732: =H732/H731-1 -> -0.0039492847

Sheet Data2
A1: Date | B1: Nifty TRI | C1: Midcap TRI | D1: Smallcap TRI | E1: Goldbees | F1: GSec | G1: S&P500
A2: 42370 | B2: 10598 | C2: 5320.72 | D2: 5392.79 | E2: 22.802 | F2: 1396.59 | G2: 250531.17
A3: 42373 | B3: 10369.24 | C3: 5268.21 | D3: 5324.78 | E3: 23.047 | F3: 1397.89 | G3: 250531.17
A4: 42374 | B4: 10360.42 | C4: 5301.58 | D4: 5362.62 | E4: 23.1965 | F4: 1396.66 | G4: 250771.69
A5: 42375 | B5: 10302.32 | C5: 5285.74 | D5: 5340.69 | E5: 23.331 | F5: 1397.16 | G5: 248390.68
A6: 42376 | B6: 10072.45 | C6: 5152.71 | D6: 5173.49 | E6: 23.668 | F6: 1397.49 | G6: 242582.9
A7: 42377 | B7: 10116.45 | C7: 5211.34 | D7: 5243.82 | E7: 23.607 | F7: 1397.35 | G7: 240278.71
A8: 42380 | B8: 10066.57 | C8: 5182.42 | D8: 5207.46 | E8: 23.6805 | F8: 1397.05 | G8: 240339.22
A9: 42381 | B9: 9995.25 | C9: 5130.87 | D9: 5153.19 | E9: 23.6325 | F9: 1396.86 | G9: 242468.96
A10: 42382 | B10: 10064.62 | C10: 5079.46 | D10: 5038.09 | E10: 23.3115 | F10: 1396.68 | G10: 236054.04
A11: 42383 | B11: 10030.53 | C11: 5009.89 | D11: 4967.32 | E11: 23.6715 | F11: 1394.97 | G11: 242264.54
A12: 42384 | B12: 9898.8 | C12: 4864.6 | D12: 4785.43 | E12: 23.705 | F12: 1393.53 | G12: 238343.87
A13: 42387 | B13: 9783.26 | C13: 4710.16 | D13: 4573.09 | E13: 23.851 | F13: 1394 | G13: 238260.67
... A2479: 46022 | B2479: 39333.55 | C2479: 28332.35 | D2479: 21212.7 | E2479: 110.11 | F2479: 2613.56 | G2479: 1367405.2

Sheet Correlation
A1: Date | B1: Nifty TRI | C1: GSec | D1: =B1&" Return" -> Nifty TRI Return | E1: =C1&" Return" -> GSec Return
A2: 42370 | B2: 10598 | C2: 1396.59 | H2: Nifty TRI | I2: GSec
A3: 42373 | B3: 10369.24 | C3: 1397.89 | D3: =B3/B2-1 -> -0.021585205 | E3: =C3/C2-1 -> 0.00093083869 | G3: Expected Returns | H3: =AVERAGE(D3:D2479)*252 -> 0.14666364 | I3: =AVERAGE(E3:E2479)*252 -> 0.064645337
A4: 42374 | B4: 10360.42 | C4: 1396.66 | D4: =B4/B3-1 -> -0.00085059271 | E4: =C4/C3-1 -> -0.00087989756 | G4: Volatility/Risk | H4: =_xlfn.STDEV.S(D3:D2479)*SQRT(252) -> 0.1619462 | I4: =_xlfn.STDEV.S(E3:E2479)*SQRT(252) -> 0.041992164
A5: 42375 | B5: 10302.32 | C5: 1397.16 | D5: =B5/B4-1 -> -0.0056078808 | E5: =C5/C4-1 -> 0.00035799694 | G5: Return/Risk | H5: =H3/H4 -> 0.90563188 | I5: =I3/I4 -> 1.5394619
A6: 42376 | B6: 10072.45 | C6: 1397.49 | D6: =B6/B5-1 -> -0.02231245 | E6: =C6/C5-1 -> 0.00023619342 | G6: Weights | H6: 0.5 | I6: =1-H6 -> 0.5
A7: 42377 | B7: 10116.45 | C7: 1397.35 | D7: =B7/B6-1 -> 0.0043683513 | E7: =C7/C6-1 -> -0.00010017961
A8: 42380 | B8: 10066.57 | C8: 1397.05 | D8: =B8/B7-1 -> -0.0049305834 | E8: =C8/C7-1 -> -0.0002146921 | H8: Without Correl | I8: With Correl
A9: 42381 | B9: 9995.25 | C9: 1396.86 | D9: =B9/B8-1 -> -0.0070848362 | E9: =C9/C8-1 -> -0.00013600086 | G9: Portfolio Return | H9: =$H$3*$H$6+$I$3*$I$6 -> 0.10565449 | I9: =$H$3*$H$6+$I$3*$I$6 -> 0.10565449
A10: 42382 | B10: 10064.62 | C10: 1396.68 | D10: =B10/B9-1 -> 0.0069402966 | E10: =C10/C9-1 -> -0.00012886044 | G10: Correlation | H10: - | I10: =CORREL(D3:D2479,E3:E2479) -> 0.062364388
A11: 42383 | B11: 10030.53 | C11: 1394.97 | D11: =B11/B10-1 -> -0.0033871125 | E11: =C11/C10-1 -> -0.001224332 | G11: Portfolio Risk | H11: =$H$4*$H$6+$I$4*$I$6 -> 0.10196918 | I11: =SQRT(($H$6*$H$4)^2+($I$6*$I$4)^2+(2*$H$6*$I$6*$H$4*$I$4*I10)) -> 0.084908964
A12: 42384 | B12: 9898.8 | C12: 1393.53 | D12: =B12/B11-1 -> -0.013132905 | E12: =C12/C11-1 -> -0.0010322803 | G12: Return/Risk | H12: =H9/H11 -> 1.0361414 | I12: =I9/I11 -> 1.2443267
A13: 42387 | B13: 9783.26 | C13: 1394 | D13: =B13/B12-1 -> -0.011672122 | E13: =C13/C12-1 -> 0.00033727297 | H13: Highly | I13: Zero | J13: Low
A14: 42388 | B14: 9895.18 | C14: 1397.11 | D14: =B14/B13-1 -> 0.011439949 | E14: =C14/C13-1 -> 0.00223099 | H14: 1 | I14: 0 | J14: -1
A15: 42389 | B15: 9727.77 | C15: 1399.73 | D15: =B15/B14-1 -> -0.016918338 | E15: =C15/C14-1 -> 0.0018752997 | G15: Portfolio Return | H15: =$H$6*$H$3+$I$6*$I$3 -> 0.10565449 | I15: =$H$6*$H$3+$I$6*$I$3 -> 0.10565449 | J15: =$H$6*$H$3+$I$6*$I$3 -> 0.10565449
A16: 42390 | B16: 9685.29 | C16: 1400.58 | D16: =B16/B15-1 -> -0.0043668796 | E16: =C16/C15-1 -> 0.00060725997 | G16: Portfolio Risk | H16: =SQRT(($H$6*$H$4)^2+($I$6*$I$4)^2+(2*$H$6*$I$6*$H$4*$I$4*H14)) -> 0.10196918 | I16: =SQRT(($H$6*$H$4)^2+($I$6*$I$4)^2+(2*$H$6*$I$6*$H$4*$I$4*I14)) -> 0.083650933 | J16: =SQRT(($H$6*$H$4)^2+($I$6*$I$4)^2+(2*$H$6*$I$6*$H$4*$I$4*J14)) -> 0.059977019
A17: 42391 | B17: 9879.13 | C17: 1398.31 | D17: =B17/B16-1 -> 0.020013856 | E17: =C17/C16-1 -> -0.0016207571 | G17: Return/Risk | H17: =H15/H16 -> 1.0361414 | I17: =I15/I16 -> 1.2630402 | J17: =J15/J16 -> 1.7615829
A18: 42394 | B18: 9898.28 | C18: 1396.61 | D18: =B18/B17-1 -> 0.0019384298 | E18: =C18/C17-1 -> -0.0012157533
A19: 42396 | B19: 9901.35 | C19: 1398.77 | D19: =B19/B18-1 -> 0.0003101549 | E19: =C19/C18-1 -> 0.0015466021
A20: 42397 | B20: 9883.94 | C20: 1397.53 | D20: =B20/B19-1 -> -0.0017583461 | E20: =C20/C19-1 -> -0.00088649313
A21: 42398 | B21: 10068.86 | C21: 1400.12 | D21: =B21/B20-1 -> 0.018709138 | E21: =C21/C20-1 -> 0.0018532697
A22: 42401 | B22: 10058.69 | C22: 1399.54 | D22: =B22/B21-1 -> -0.0010100448 | E22: =C22/C21-1 -> -0.00041425021
A23: 42402 | B23: 9925.98 | C23: 1394.71 | D23: =B23/B22-1 -> -0.013193567 | E23: =C23/C22-1 -> -0.0034511339
A24: 42403 | B24: 9801.62 | C24: 1394.99 | D24: =B24/B23-1 -> -0.012528738 | E24: =C24/C23-1 -> 0.00020075858
A25: 42404 | B25: 9857.82 | C25: 1396.54 | D25: =B25/B24-1 -> 0.0057337461 | E25: =C25/C24-1 -> 0.0011111191
A26: 42405 | B26: 9972.05 | C26: 1398.08 | D26: =B26/B25-1 -> 0.011587755 | E26: =C26/C25-1 -> 0.0011027253
A27: 42408 | B27: 9836.41 | C27: 1397.74 | D27: =B27/B26-1 -> -0.013602018 | E27: =C27/C26-1 -> -0.00024319066
A28: 42409 | B28: 9717.87 | C28: 1396.7 | D28: =B28/B27-1 -> -0.012051145 | E28: =C28/C27-1 -> -0.00074405827
A29: 42410 | B29: 9607.98 | C29: 1398.6 | D29: =B29/B28-1 -> -0.011308034 | E29: =C29/C28-1 -> 0.0013603494
... A2479: 46022 | B2479: 39333.55 | C2479: 2613.56 | D2479: =B2479/B2478-1 -> 0.0073540711 | E2479: =C2479/C2478-1 -> -0.00123052

Sheet Optimal Risky Portfolio
A1: Date | B1: Nifty TRI | C1: Midcap TRI | D1: Smallcap TRI | E1: Goldbees | F1: GSec | G1: S&P500 | H1: Nifty TRI | I1: Midcap TRI | J1: Smallcap TRI | K1: Goldbees | L1: GSec | M1: S&P500
A2: 42370 | B2: 10598 | C2: 5320.72 | D2: 5392.79 | E2: 22.802 | F2: 1396.59 | G2: 250531.17 | P2: Nifty TRI | Q2: Midcap TRI | R2: Smallcap TRI | S2: Goldbees | T2: GSec | U2: S&P500
A3: 42373 | B3: 10369.24 | C3: 5268.21 | D3: 5324.78 | E3: 23.047 | F3: 1397.89 | G3: 250531.17 | H3: =B3/B2-1 -> -0.021585205 | I3: =C3/C2-1 -> -0.0098689651 | J3: =D3/D2-1 -> -0.012611283 | K3: =E3/E2-1 -> 0.010744672 | L3: =F3/F2-1 -> 0.00093083869 | M3: =G3/G2-1 -> 0 | O3: Expected Returns | P3: =AVERAGE(H3:H2479)*252 -> 0.14666364 | Q3: =AVERAGE(I3:I2479)*252 -> 0.18577322 | R3: =AVERAGE(J3:J2479)*252 -> 0.15804702 | S3: =AVERAGE(K3:K2479)*252 -> 0.16905506 | T3: =AVERAGE(L3:L2479)*252 -> 0.064645337 | U3: =AVERAGE(M3:M2479)*252 -> 0.18838163
A4: 42374 | B4: 10360.42 | C4: 5301.58 | D4: 5362.62 | E4: 23.1965 | F4: 1396.66 | G4: 250771.69 | H4: =B4/B3-1 -> -0.00085059271 | I4: =C4/C3-1 -> 0.0063342198 | J4: =D4/D3-1 -> 0.0071063969 | K4: =E4/E3-1 -> 0.0064867445 | L4: =F4/F3-1 -> -0.00087989756 | M4: =G4/G3-1 -> 0.00096004022 | O4: Volatility/Risk | P4: =_xlfn.STDEV.S(H3:H2479)*SQRT(252) -> 0.1619462 | Q4: =_xlfn.STDEV.S(I3:I2479)*SQRT(252) -> 0.1755756 | R4: =_xlfn.STDEV.S(J3:J2479)*SQRT(252) -> 0.19220512 | S4: =_xlfn.STDEV.S(K3:K2479)*SQRT(252) -> 0.13286005 | T4: =_xlfn.STDEV.S(L3:L2479)*SQRT(252) -> 0.041992164 | U4: =_xlfn.STDEV.S(M3:M2479)*SQRT(252) -> 0.17681576
A5: 42375 | B5: 10302.32 | C5: 5285.74 | D5: 5340.69 | E5: 23.331 | F5: 1397.16 | G5: 248390.68 | H5: =B5/B4-1 -> -0.0056078808 | I5: =C5/C4-1 -> -0.0029877885 | J5: =D5/D4-1 -> -0.004089419 | K5: =E5/E4-1 -> 0.0057982885 | L5: =F5/F4-1 -> 0.00035799694 | M5: =G5/G4-1 -> -0.009494732 | O5: Return/Risk | P5: =P3/P4 -> 0.90563188 | Q5: =Q3/Q4 -> 1.0580811 | R5: =R3/R4 -> 0.8222831 | S5: =S3/S4 -> 1.2724296 | T5: =T3/T4 -> 1.5394619 | U5: =U3/U4 -> 1.065412
A6: 42376 | B6: 10072.45 | C6: 5152.71 | D6: 5173.49 | E6: 23.668 | F6: 1397.49 | G6: 242582.9 | H6: =B6/B5-1 -> -0.02231245 | I6: =C6/C5-1 -> -0.025167715 | J6: =D6/D5-1 -> -0.031306816 | K6: =E6/E5-1 -> 0.014444302 | L6: =F6/F5-1 -> 0.00023619342 | M6: =G6/G5-1 -> -0.023381634 | O6: Weights | P6: 0 | Q6: 0.10034203 | R6: 0 | S6: 0.19965796 | T6: 0.5 | U6: 0.2
A7: 42377 | B7: 10116.45 | C7: 5211.34 | D7: 5243.82 | E7: 23.607 | F7: 1397.35 | G7: 240278.71 | H7: =B7/B6-1 -> 0.0043683513 | I7: =C7/C6-1 -> 0.011378479 | J7: =D7/D6-1 -> 0.013594305 | K7: =E7/E6-1 -> -0.0025773196 | L7: =F7/F6-1 -> -0.00010017961 | M7: =G7/G6-1 -> -0.0094985673 | O7: Min Weights | S7: 0.1 | T7: 0.1 | U7: 0.2
A8: 42380 | B8: 10066.57 | C8: 5182.42 | D8: 5207.46 | E8: 23.6805 | F8: 1397.05 | G8: 240339.22 | H8: =B8/B7-1 -> -0.0049305834 | I8: =C8/C7-1 -> -0.0055494364 | J8: =D8/D7-1 -> -0.0069338764 | K8: =E8/E7-1 -> 0.0031134833 | L8: =F8/F7-1 -> -0.0002146921 | M8: =G8/G7-1 -> 0.00025183255 | O8: Max Weights | P8: 0.5 | Q8: 0.5 | R8: 0.5 | S8: 0.5 | T8: 0.5 | U8: 0.5
A9: 42381 | B9: 9995.25 | C9: 5130.87 | D9: 5153.19 | E9: 23.6325 | F9: 1396.86 | G9: 242468.96 | H9: =B9/B8-1 -> -0.0070848362 | I9: =C9/C8-1 -> -0.0099470904 | J9: =D9/D8-1 -> -0.010421587 | K9: =E9/E8-1 -> -0.0020269842 | L9: =F9/F8-1 -> -0.00013600086 | M9: =G9/G8-1 -> 0.0088613918
A10: 42382 | B10: 10064.62 | C10: 5079.46 | D10: 5038.09 | E10: 23.3115 | F10: 1396.68 | G10: 236054.04 | H10: =B10/B9-1 -> 0.0069402966 | I10: =C10/C9-1 -> -0.010019743 | J10: =D10/D9-1 -> -0.022335679 | K10: =E10/E9-1 -> -0.01358299 | L10: =F10/F9-1 -> -0.00012886044 | M10: =G10/G9-1 -> -0.026456665 | P10: Nifty TRI | Q10: Midcap TRI | R10: Smallcap TRI | S10: Goldbees | T10: GSec | U10: S&P500 | X10: Nifty TRI | Y10: Midcap TRI | Z10: Smallcap TRI | AA10: Goldbees | AB10: GSec | AC10: S&P500
A11: 42383 | B11: 10030.53 | C11: 5009.89 | D11: 4967.32 | E11: 23.6715 | F11: 1394.97 | G11: 242264.54 | H11: =B11/B10-1 -> -0.0033871125 | I11: =C11/C10-1 -> -0.013696338 | J11: =D11/D10-1 -> -0.01404699 | K11: =E11/E10-1 -> 0.015443022 | L11: =F11/F10-1 -> -0.001224332 | M11: =G11/G10-1 -> 0.026309654 | O11: Nifty TRI | P11: 0.00010403168 | Q11: 9.3581497e-05 | R11: 9.2545376e-05 | S11: -4.4223881e-06 | T11: 1.6822858e-06 | U11: 2.3041783e-05 | W11: Nifty TRI | X11: =VARP('Optimal Risky Portfolio'!$H$2:$H$2479) -> 0.00010403168
A12: 42384 | B12: 9898.8 | C12: 4864.6 | D12: 4785.43 | E12: 23.705 | F12: 1393.53 | G12: 238343.87 | H12: =B12/B11-1 -> -0.013132905 | I12: =C12/C11-1 -> -0.029000637 | J12: =D12/D11-1 -> -0.036617331 | K12: =E12/E11-1 -> 0.0014152039 | L12: =F12/F11-1 -> -0.0010322803 | M12: =G12/G11-1 -> -0.016183425 | O12: Midcap TRI | P12: 9.3581497e-05 | Q12: 0.00012227915 | R12: 0.00012576636 | S12: -4.7253122e-06 | T12: 1.9397859e-06 | U12: 1.932502e-05 | W12: Midcap TRI | X12: 9.3581497e-05 | Y12: =VARP('Optimal Risky Portfolio'!$I$2:$I$2479) -> 0.00012227915
A13: 42387 | B13: 9783.26 | C13: 4710.16 | D13: 4573.09 | E13: 23.851 | F13: 1394 | G13: 238260.67 | H13: =B13/B12-1 -> -0.011672122 | I13: =C13/C12-1 -> -0.031747728 | J13: =D13/D12-1 -> -0.044372188 | K13: =E13/E12-1 -> 0.0061590382 | L13: =F13/F12-1 -> 0.00033727297 | M13: =G13/G12-1 -> -0.00034907548 | O13: Smallcap TRI | P13: 9.2545376e-05 | Q13: 0.00012576636 | R13: 0.00014653926 | S13: -5.1137486e-06 | T13: 1.758659e-06 | U13: 1.6901722e-05 | W13: Smallcap TRI | X13: 9.2545376e-05 | Y13: 0.00012576636 | Z13: =VARP('Optimal Risky Portfolio'!$J$2:$J$2479) -> 0.00014653926
A14: 42388 | B14: 9895.18 | C14: 4783.48 | D14: 4652.25 | E14: 23.765 | F14: 1397.11 | G14: 238260.67 | H14: =B14/B13-1 -> 0.011439949 | I14: =C14/C13-1 -> 0.01556635 | J14: =D14/D13-1 -> 0.017309959 | K14: =E14/E13-1 -> -0.0036057188 | L14: =F14/F13-1 -> 0.00223099 | M14: =G14/G13-1 -> 0 | O14: Goldbees | P14: -4.4223881e-06 | Q14: -4.7253122e-06 | R14: -5.1137486e-06 | S14: 7.0018515e-05 | T14: 8.2882209e-07 | U14: 3.2944557e-06 | W14: Goldbees | X14: -4.4223881e-06 | Y14: -4.7253122e-06 | Z14: -5.1137486e-06 | AA14: =VARP('Optimal Risky Portfolio'!$K$2:$K$2479) -> 7.0018515e-05
A15: 42389 | B15: 9727.77 | C15: 4689.51 | D15: 4549.9 | E15: 23.944 | F15: 1399.73 | G15: 236796.99 | H15: =B15/B14-1 -> -0.016918338 | I15: =C15/C14-1 -> -0.019644694 | J15: =D15/D14-1 -> -0.022000107 | K15: =E15/E14-1 -> 0.007532085 | L15: =F15/F14-1 -> 0.0018752997 | M15: =G15/G14-1 -> -0.0061431876 | O15: GSec | P15: 1.6822858e-06 | Q15: 1.9397859e-06 | R15: 1.758659e-06 | S15: 8.2882209e-07 | T15: 6.9945632e-06 | U15: -1.78603e-06 | W15: GSec | X15: 1.6822858e-06 | Y15: 1.9397859e-06 | Z15: 1.758659e-06 | AA15: 8.2882209e-07 | AB15: =VARP('Optimal Risky Portfolio'!$L$2:$L$2479) -> 6.9945632e-06
A16: 42390 | B16: 9685.29 | C16: 4704.67 | D16: 4574.9 | E16: 23.984 | F16: 1400.58 | G16: 237405.19 | H16: =B16/B15-1 -> -0.0043668796 | I16: =C16/C15-1 -> 0.0032327471 | J16: =D16/D15-1 -> 0.0054946263 | K16: =E16/E15-1 -> 0.0016705647 | L16: =F16/F15-1 -> 0.00060725997 | M16: =G16/G15-1 -> 0.0025684448 | O16: S&P500 | P16: 2.3041783e-05 | Q16: 1.932502e-05 | R16: 1.6901722e-05 | S16: 3.2944557e-06 | T16: -1.78603e-06 | U16: 0.00012401266 | W16: S&P500 | X16: 2.3041783e-05 | Y16: 1.932502e-05 | Z16: 1.6901722e-05 | AA16: 3.2944557e-06 | AB16: -1.78603e-06 | AC16: =VARP('Optimal Risky Portfolio'!$M$2:$M$2479) -> 0.00012401266
A17: 42391 | B17: 9879.13 | C17: 4801.18 | D17: 4688.9 | E17: 23.8625 | F17: 1398.31 | G17: 241079.2 | H17: =B17/B16-1 -> 0.020013856 | I17: =C17/C16-1 -> 0.02051366 | J17: =D17/D16-1 -> 0.024918577 | K17: =E17/E16-1 -> -0.0050658773 | L17: =F17/F16-1 -> -0.0016207571 | M17: =G17/G16-1 -> 0.015475694
A18: 42394 | B18: 9898.28 | C18: 4827.15 | D18: 4741.94 | E18: 24 | F18: 1396.61 | G18: 237872.68 | H18: =B18/B17-1 -> 0.0019384298 | I18: =C18/C17-1 -> 0.0054090869 | J18: =D18/D17-1 -> 0.011311822 | K18: =E18/E17-1 -> 0.0057621792 | L18: =F18/F17-1 -> -0.0012157533 | M18: =G18/G17-1 -> -0.013300691 | O18: Portfolio Summary
A19: 42396 | B19: 9901.35 | C19: 4847.64 | D19: 4760.37 | E19: 24.2745 | F19: 1398.77 | G19: 239583.95 | H19: =B19/B18-1 -> 0.0003101549 | I19: =C19/C18-1 -> 0.0042447407 | J19: =D19/D18-1 -> 0.0038865949 | K19: =E19/E18-1 -> 0.0114375 | L19: =F19/F18-1 -> 0.0015466021 | M19: =G19/G18-1 -> 0.0071940586 | O19: Expected Return | P19: =SUMPRODUCT($P$3:$U$3,$P$6:$U$6) -> 0.12239305
A20: 42397 | B20: 9883.94 | C20: 4836.96 | D20: 4761.85 | E20: 24.3 | F20: 1397.53 | G20: 241284.37 | H20: =B20/B19-1 -> -0.0017583461 | I20: =C20/C19-1 -> -0.0022031339 | J20: =D20/D19-1 -> 0.0003109002 | K20: =E20/E19-1 -> 0.0010504851 | L20: =F20/F19-1 -> -0.00088649313 | M20: =G20/G19-1 -> 0.0070973869 | O20: Stdv (Risk) | P20: {=SQRT(MMULT(MMULT($P$6:$U$6,$P$11:$U$16),TRANSPOSE($P$6:$U$6))*252)} -> 0.054028905 | U20: Class Portfolio | V20: EWP | W20: Max Return/Risk | X20: Min Variance | Y20: Max Return | Z20: Constraints
A21: 42398 | B21: 10068.86 | C21: 4894.99 | D21: 4821.89 | E21: 24.2335 | F21: 1400.12 | G21: 246501.13 | H21: =B21/B20-1 -> 0.018709138 | I21: =C21/C20-1 -> 0.011997205 | J21: =D21/D20-1 -> 0.012608545 | K21: =E21/E20-1 -> -0.0027366255 | L21: =F21/F20-1 -> 0.0018532697 | M21: =G21/G20-1 -> 0.021620795 | O21: Total Weight | P21: =SUM($P$6:$U$6) -> 0.99999999 | T21: Expected Return | U21: 0.15199406 | V21: 0.15209432 | W21: 0.10525857 | X21: 0.081846448 | Y21: 0.18838164 | Z21: 0.12239305
A22: 42401 | B22: 10058.69 | C22: 4901.09 | D22: 4843.47 | E22: 24.33 | F22: 1399.54 | G22: 246580.84 | H22: =B22/B21-1 -> -0.0010100448 | I22: =C22/C21-1 -> 0.0012461721 | J22: =D22/D21-1 -> 0.0044754235 | K22: =E22/E21-1 -> 0.0039820909 | L22: =F22/F21-1 -> -0.00041425021 | M22: =G22/G21-1 -> 0.00032336566 | O22: Return/Risk | P22: =P19/P20 -> 2.2653253 | T22: Stdv (Risk) | U22: 0.097733222 | V22: 0.095508046 | W22: 0.043618061 | X22: 0.038540135 | Y22: 0.17678007 | Z22: 0.054028905
A23: 42402 | B23: 9925.98 | C23: 4850.41 | D23: 4769.71 | E23: 24.4855 | F23: 1394.71 | G23: 241966.36 | H23: =B23/B22-1 -> -0.013193567 | I23: =C23/C22-1 -> -0.010340557 | J23: =D23/D22-1 -> -0.015228751 | K23: =E23/E22-1 -> 0.0063912865 | L23: =F23/F22-1 -> -0.0034511339 | M23: =G23/G22-1 -> -0.018713863 | T23: Total Weight | U23: 1 | V23: 1 | W23: 1 | X23: 1 | Y23: 1 | Z23: 0.99999999
A24: 42403 | B24: 9801.62 | C24: 4749.94 | D24: 4649.64 | E24: 24.53 | F24: 1394.99 | G24: 243257.52 | H24: =B24/B23-1 -> -0.012528738 | I24: =C24/C23-1 -> -0.020713713 | J24: =D24/D23-1 -> -0.025173438 | K24: =E24/E23-1 -> 0.0018174021 | L24: =F24/F23-1 -> 0.00020075858 | M24: =G24/G23-1 -> 0.0053361137 | T24: Return/Risk | U24: 1.5551933 | V24: 1.5924765 | W24: 2.4131877 | X24: 2.1236679 | Y24: 1.0656271 | Z24: 2.2653253
A25: 42404 | B25: 9857.82 | C25: 4727.43 | D25: 4605.94 | E25: 24.7185 | F25: 1396.54 | G25: 242421.56 | H25: =B25/B24-1 -> 0.0057337461 | I25: =C25/C24-1 -> -0.0047390072 | J25: =D25/D24-1 -> -0.0093985771 | K25: =E25/E24-1 -> 0.007684468 | L25: =F25/F24-1 -> 0.0011111191 | M25: =G25/G24-1 -> -0.0034365227
A26: 42405 | B26: 9972.05 | C26: 4802.33 | D26: 4670.38 | E26: 24.851 | F26: 1398.08 | G26: 238694.05 | H26: =B26/B25-1 -> 0.011587755 | I26: =C26/C25-1 -> 0.015843704 | J26: =D26/D25-1 -> 0.013990629 | K26: =E26/E25-1 -> 0.0053603576 | L26: =F26/F25-1 -> 0.0011027253 | M26: =G26/G25-1 -> -0.015376149
A27: 42408 | B27: 9836.41 | C27: 4796.98 | D27: 4668.35 | E27: 25.2025 | F27: 1397.74 | G27: 236032 | H27: =B27/B26-1 -> -0.013602018 | I27: =C27/C26-1 -> -0.0011140426 | J27: =D27/D26-1 -> -0.00043465414 | K27: =E27/E26-1 -> 0.0141443 | L27: =F27/F26-1 -> -0.00024319066 | M27: =G27/G26-1 -> -0.011152561
A28: 42409 | B28: 9717.87 | C28: 4732.1 | D28: 4608.86 | E28: 25.664 | F28: 1396.7 | G28: 235716.36 | H28: =B28/B27-1 -> -0.012051145 | I28: =C28/C27-1 -> -0.013525176 | J28: =D28/D27-1 -> -0.01274326 | K28: =E28/E27-1 -> 0.018311675 | L28: =F28/F27-1 -> -0.00074405827 | M28: =G28/G27-1 -> -0.0013372763
A29: 42410 | B29: 9607.98 | C29: 4677.64 | D29: 4528.75 | E29: 25.3985 | F29: 1398.6 | G29: 235510.06 | H29: =B29/B28-1 -> -0.011308034 | I29: =C29/C28-1 -> -0.011508633 | J29: =D29/D28-1 -> -0.017381739 | K29: =E29/E28-1 -> -0.010345231 | L29: =F29/F28-1 -> 0.0013603494 | M29: =G29/G28-1 -> -0.00087520442
A30: 42411 | B30: 9289.29 | C30: 4487.22 | D30: 4301.19 | E30: 25.9545 | F30: 1399.39 | G30: 234680.08 | H30: =B30/B29-1 -> -0.033169303 | I30: =C30/C29-1 -> -0.040708562 | J30: =D30/D29-1 -> -0.050247861 | K30: =E30/E29-1 -> 0.021891057 | L30: =F30/F29-1 -> 0.00056485056 | M30: =G30/G29-1 -> -0.0035241807
A31: 42412 | B31: 9295.41 | C31: 4446.72 | D31: 4239.01 | E31: 26.297 | F31: 1398.99 | G31: 238166.59 | H31: =B31/B30-1 -> 0.00065882323 | I31: =C31/C30-1 -> -0.0090256328 | J31: =D31/D30-1 -> -0.014456464 | K31: =E31/E30-1 -> 0.01319617 | L31: =F31/F30-1 -> -0.00028583883 | M31: =G31/G30-1 -> 0.014856438
A32: 42415 | B32: 9537.74 | C32: 4598.28 | D32: 4392.73 | E32: 25.8745 | F32: 1397 | G32: 243460.1 | H32: =B32/B31-1 -> 0.026069856 | I32: =C32/C31-1 -> 0.034083549 | J32: =D32/D31-1 -> 0.036263184 | K32: =E32/E31-1 -> -0.016066471 | L32: =F32/F31-1 -> -0.0014224548 | M32: =G32/G31-1 -> 0.022226081
A33: 42416 | B33: 9385.36 | C33: 4495.56 | D33: 4297.45 | E33: 26.0245 | F33: 1394.7 | G33: 243460.1 | H33: =B33/B32-1 -> -0.015976531 | I33: =C33/C32-1 -> -0.022338788 | J33: =D33/D32-1 -> -0.021690384 | K33: =E33/E32-1 -> 0.0057972135 | L33: =F33/F32-1 -> -0.0016463851 | M33: =G33/G32-1 -> 0
A34: 42417 | B34: 9465.52 | C34: 4517.65 | D34: 4295.33 | E34: 25.8535 | F34: 1394.51 | G34: 246955.55 | H34: =B34/B33-1 -> 0.0085409617 | I34: =C34/C33-1 -> 0.0049137371 | J34: =D34/D33-1 -> -0.0004933158 | K34: =E34/E33-1 -> -0.0065707314 | L34: =F34/F33-1 -> -0.00013623001 | M34: =G34/G33-1 -> 0.014357383
A35: 42418 | B35: 9576.46 | C35: 4543.6 | D35: 4313.42 | E35: 25.8385 | F35: 1399.43 | G35: 246571.96 | H35: =B35/B34-1 -> 0.011720434 | I35: =C35/C34-1 -> 0.0057441369 | J35: =D35/D34-1 -> 0.0042115507 | K35: =E35/E34-1 -> -0.00058019224 | L35: =F35/F34-1 -> 0.003528121 | M35: =G35/G34-1 -> -0.0015532755
A36: 42419 | B36: 9601.77 | C36: 4548.2 | D36: 4317.32 | E36: 26.125 | F36: 1399.72 | G36: 246601.44 | H36: =B36/B35-1 -> 0.002642939 | I36: =C36/C35-1 -> 0.0010124131 | J36: =D36/D35-1 -> 0.00090415494 | K36: =E36/E35-1 -> 0.011088105 | L36: =F36/F35-1 -> 0.00020722723 | M36: =G36/G35-1 -> 0.00011955942
... A2479: 46022 | B2479: 39333.55 | C2479: 28332.35 | D2479: 21212.7 | E2479: 110.11 | F2479: 2613.56 | G2479: 1367405.2 | H2479: =B2479/B2478-1 -> 0.0073540711 | I2479: =C2479/C2478-1 -> 0.0097462907 | J2479: =D2479/D2478-1 -> 0.011693806 | K2479: =E2479/E2478-1 -> -0.0095349465 | L2479: =F2479/F2478-1 -> -0.00123052 | M2479: =G2479/G2478-1 -> -0.0066167253
